<?xml version="1.0" encoding="UTF-8"?>
<metadata xml:lang="en"><Esri><CreaDate>20230128</CreaDate><CreaTime>10585500</CreaTime><ArcGISFormat>1.0</ArcGISFormat><SyncOnce>TRUE</SyncOnce><DataProperties><lineage><Process ToolSource="c:\program files\arcgis\pro\Resources\ArcToolbox\toolboxes\Data Management Tools.tbx\Rename" Date="20230128" Time="105855">Rename C:\Users\lufan\Documents\URI\Spring2023\NRS522\Data\muni97d.shp C:\Users\lufan\Documents\URI\Spring2023\NRS522\Data\to.shp ShapeFile</Process><Process ToolSource="c:\program files\arcgis\pro\Resources\ArcToolbox\toolboxes\Data Management Tools.tbx\Rename" Date="20230128" Time="105902">Rename C:\Users\lufan\Documents\URI\Spring2023\NRS522\Data\to.shp C:\Users\lufan\Documents\URI\Spring2023\NRS522\Data\towns.shp ShapeFile</Process></lineage></DataProperties></Esri></metadata>
